Timestamp,size
2021-12-27 14:45:00,9765425
2021-12-27 15:15:00,10707917.5
2021-12-27 15:45:00,11382401
2021-12-27 16:15:00,14519103.5
2021-12-27 16:45:00,16405089
2021-12-27 17:15:00,18385860
2021-12-27 17:45:00,19495291.5
2021-12-27 18:15:00,19930291
2021-12-27 18:45:00,18860600
2021-12-27 19:15:00,20278644
2021-12-27 19:45:00,20660833.5
2021-12-27 20:15:00,24788825.5
2021-12-27 20:45:00,25715484.5
2021-12-27 21:15:00,22496911.5
2021-12-27 21:45:00,23290598.5
2021-12-27 22:15:00,22287402
2021-12-27 22:45:00,20772684.5
2021-12-27 23:15:00,19575845
2021-12-27 23:45:00,17777523.5
2021-12-28 00:15:00,17959112.5
2021-12-28 00:45:00,17752017.5
2021-12-28 01:15:00,16483172
2021-12-28 01:45:00,16971748.5
2021-12-28 02:15:00,26137018
2021-12-28 02:45:00,26393126
2021-12-28 03:15:00,26658287.5
2021-12-28 03:45:00,26039917
2021-12-28 04:15:00,27316126
2021-12-28 04:45:00,22519705.5
2021-12-28 05:15:00,22835732
2021-12-28 05:45:00,22178977
2021-12-28 06:15:00,20133094.5
2021-12-28 06:45:00,16805593.5
2021-12-28 07:15:00,14830950
2021-12-28 07:45:00,11863029
2021-12-28 08:15:00,14432673.5
2021-12-28 08:45:00,15665607.5
2021-12-28 09:15:00,13446325.5
2021-12-28 09:45:00,13464507
2021-12-28 10:15:00,14873536
2021-12-28 10:45:00,14159095
2021-12-28 11:15:00,12376031.5
2021-12-28 11:45:00,11224303
2021-12-28 12:15:00,12498611.5
2021-12-28 12:45:00,13402369.5
2021-12-28 13:15:00,12413949
2021-12-28 13:45:00,11974770
2021-12-28 14:15:00,12212874
2021-12-28 14:45:00,13559200.5
2021-12-28 15:15:00,15299848
2021-12-28 15:45:00,17503315
2021-12-28 16:15:00,18372217
2021-12-28 16:45:00,18037234
2021-12-28 17:15:00,17039019
2021-12-28 17:45:00,17261072
2021-12-28 18:15:00,18078071
2021-12-28 18:45:00,19081780
2021-12-28 19:15:00,17586478
2021-12-28 19:45:00,18090793.5
2021-12-28 20:15:00,19783222
2021-12-28 20:45:00,19813975
2021-12-28 21:15:00,18822422
2021-12-28 21:45:00,19423027.5
2021-12-28 22:15:00,21071003
2021-12-28 22:45:00,19682383.5
2021-12-28 23:15:00,21786323
2021-12-28 23:45:00,20347703.5
2021-12-29 00:15:00,18918777
2021-12-29 00:45:00,16515372
2021-12-29 01:15:00,15449627
2021-12-29 01:45:00,14495466
2021-12-29 02:15:00,13382571
2021-12-29 02:45:00,11822722
2021-12-29 03:15:00,9155893
2021-12-29 03:45:00,7306889
2021-12-29 04:15:00,6057974.5
2021-12-29 04:45:00,4974473.5
2021-12-29 05:15:00,4534695.5
2021-12-29 05:45:00,4883469
2021-12-29 06:15:00,7322152
2021-12-29 06:45:00,4055259
2021-12-29 07:15:00,2196373
2021-12-29 07:45:00,2020603
2021-12-29 08:15:00,2973640.5
2021-12-29 08:45:00,218349
2021-12-29 09:15:00,538512.5
2021-12-29 09:45:00,1440148.5
2021-12-29 10:15:00,3014911
2021-12-29 10:45:00,2164445.5
2021-12-29 11:15:00,1792649.5
2021-12-29 11:45:00,568895
2021-12-29 12:15:00,1867719.5
2021-12-29 12:45:00,2448646
2021-12-29 13:15:00,3007840
2021-12-29 13:45:00,4976086
2021-12-29 14:15:00,6807151
2021-12-29 14:45:00,8147378.5
2021-12-29 15:15:00,10059295.5
2021-12-29 15:45:00,9682818
2021-12-29 16:15:00,10481843
2021-12-29 16:45:00,12228513
2021-12-29 17:15:00,13783332.5
2021-12-29 17:45:00,12296364
2021-12-29 18:15:00,13025995.5
2021-12-29 18:45:00,13993432
2021-12-29 19:15:00,13152434.5
2021-12-29 19:45:00,13418089.5
2021-12-29 20:15:00,13844590.5
2021-12-29 20:45:00,13817364.5
2021-12-29 21:15:00,9616281
2021-12-29 21:45:00,8478282
2021-12-29 22:15:00,9602448.5
2021-12-29 22:45:00,9366947.5
2021-12-29 23:15:00,8522059.5
2021-12-29 23:45:00,10411261
2021-12-30 00:15:00,11707880.5
2021-12-30 00:45:00,10100519
2021-12-30 01:15:00,9433221
2021-12-30 01:45:00,6372198.5
2021-12-30 02:15:00,4926416.5
2021-12-30 02:45:00,4469910
2021-12-30 03:15:00,5221959
2021-12-30 03:45:00,1845581
2021-12-30 04:15:00,7653551
2021-12-30 04:45:00,5738773.5
2021-12-30 05:15:00,3893722.5
2021-12-30 05:45:00,3692456.5
2021-12-30 06:15:00,4195937
2021-12-30 06:45:00,3862471.5
2021-12-30 07:15:00,4749240.5
2021-12-30 07:45:00,6315503.5
2021-12-30 08:15:00,7960147.5
2021-12-30 08:45:00,6873877
2021-12-30 09:15:00,7162433
2021-12-30 09:45:00,5543297
2021-12-30 10:15:00,8591244.5
2021-12-30 10:45:00,10404427.5
2021-12-30 11:15:00,12375135
2021-12-30 11:45:00,13281326
2021-12-30 12:15:00,13687871
2021-12-30 12:45:00,15286666
2021-12-30 13:15:00,15780797
2021-12-30 13:45:00,14296708
2021-12-30 14:15:00,13962083.5
2021-12-30 14:45:00,14114454
2021-12-30 15:15:00,15655476.5
2021-12-30 15:45:00,16189718
2021-12-30 16:15:00,16230322
2021-12-30 16:45:00,15541937
2021-12-30 17:15:00,14958056
2021-12-30 17:45:00,16712849.5
2021-12-30 18:15:00,17806068.5
2021-12-30 18:45:00,20097133.5
2021-12-30 19:15:00,21415991
2021-12-30 19:45:00,19742273.5
2021-12-30 20:15:00,22483389.5
2021-12-30 20:45:00,23730345.5
2021-12-30 21:15:00,24837186.5
2021-12-30 21:45:00,22296010.5
2021-12-30 22:15:00,25161409
2021-12-30 22:45:00,22871971
2021-12-30 23:15:00,22473781
2021-12-30 23:45:00,22933762
2021-12-31 00:15:00,22802200
2021-12-31 00:45:00,23700479.5
2021-12-31 01:15:00,18695108
2021-12-31 01:45:00,17179041.5
2021-12-31 02:15:00,18448874
2021-12-31 02:45:00,18619956
2021-12-31 03:15:00,15829917
2021-12-31 03:45:00,12499450
2021-12-31 04:15:00,14204315
2021-12-31 04:45:00,13701501
2021-12-31 05:15:00,12482774
2021-12-31 05:45:00,12748847.5
2021-12-31 06:15:00,15139565
2021-12-31 06:45:00,14307247
2021-12-31 07:15:00,11594984
2021-12-31 07:45:00,10978039.5
2021-12-31 08:15:00,7299673
2021-12-31 08:45:00,4848839
2021-12-31 09:15:00,6391565
2021-12-31 09:45:00,6955042.5
2021-12-31 10:15:00,10344439
2021-12-31 10:45:00,10568947
2021-12-31 11:15:00,10659025
2021-12-31 11:45:00,8578817.5
2021-12-31 12:15:00,8994230
2021-12-31 12:45:00,8638405.5
2021-12-31 13:15:00,8260480.5
2021-12-31 13:45:00,8915650
2021-12-31 14:15:00,5993398
2021-12-31 14:45:00,6530203.5
2021-12-31 15:15:00,6762997.5
2021-12-31 15:45:00,4975069
2021-12-31 16:15:00,6306694
2021-12-31 16:45:00,7373368.5
2021-12-31 17:15:00,6292315.5
2021-12-31 17:45:00,4125164.5
2021-12-31 18:15:00,3642450.5
2021-12-31 18:45:00,4940650.5
2021-12-31 19:15:00,5159332
2021-12-31 19:45:00,6079244
2021-12-31 20:15:00,5916858
2021-12-31 20:45:00,4754614
2021-12-31 21:15:00,5123233.5
2021-12-31 21:45:00,327584.5
2021-12-31 22:15:00,741820.5
2021-12-31 22:45:00,220887
2021-12-31 23:15:00,172466.5
2021-12-31 23:45:00,221418.5
2022-01-01 00:15:00,162646
2022-01-01 00:45:00,145133
2022-01-01 01:15:00,289344
2022-01-01 01:45:00,883236
2022-01-01 02:15:00,770020.5
2022-01-01 02:45:00,1275224.5
2022-01-01 03:15:00,688058.5
2022-01-01 03:45:00,326208
2022-01-01 04:15:00,181782
2022-01-01 04:45:00,204992.5
2022-01-01 05:15:00,136072
2022-01-01 05:45:00,292565.5
2022-01-01 06:15:00,1091861.5
2022-01-01 06:45:00,716776
2022-01-01 07:15:00,195667.5
2022-01-01 07:45:00,142220
2022-01-01 08:15:00,274938
2022-01-01 08:45:00,186972.5
2022-01-01 09:15:00,604538
2022-01-01 09:45:00,232814
2022-01-01 10:15:00,400848
2022-01-01 10:45:00,336558
2022-01-01 11:15:00,380130.5
2022-01-01 11:45:00,464522.5
2022-01-01 12:15:00,825867
2022-01-01 12:45:00,684324.5
2022-01-01 13:15:00,411479.5
2022-01-01 13:45:00,380775.5
2022-01-01 14:15:00,494681
2022-01-01 14:45:00,587216.5
2022-01-01 15:15:00,306274.5
2022-01-01 15:45:00,292880.5
2022-01-01 16:15:00,1024308.5
2022-01-01 16:45:00,1596719.5
2022-01-01 17:15:00,1230800.5
2022-01-01 17:45:00,308228
2022-01-01 18:15:00,171845.5
2022-01-01 18:45:00,451913.5
2022-01-01 19:15:00,168490
2022-01-01 19:45:00,408277.5
2022-01-01 20:15:00,500238.5
2022-01-01 20:45:00,288301
2022-01-01 21:15:00,256308.5
2022-01-01 21:45:00,739783
2022-01-01 22:15:00,218794.5
2022-01-01 22:45:00,1328212.5
2022-01-01 23:15:00,780095.5
2022-01-01 23:45:00,479472.5
2022-01-02 00:15:00,171014
2022-01-02 00:45:00,332124.5
2022-01-02 01:15:00,171437.5
2022-01-02 01:45:00,456926
2022-01-02 02:15:00,605297
2022-01-02 02:45:00,274000.5
2022-01-02 03:15:00,302173
2022-01-02 03:45:00,447005.5
2022-01-02 04:15:00,386532.5
2022-01-02 04:45:00,178519
2022-01-02 05:15:00,387555.5
2022-01-02 05:45:00,1021402.5
2022-01-02 06:15:00,477524.5
2022-01-02 06:45:00,606899.5
2022-01-02 07:15:00,117917.5
2022-01-02 07:45:00,278736
2022-01-02 08:15:00,310244.5
2022-01-02 08:45:00,102479.5
2022-01-02 09:15:00,983626
2022-01-02 09:45:00,175389.5
2022-01-02 10:15:00,498341.5
2022-01-02 10:45:00,139315
2022-01-02 11:15:00,166204
2022-01-02 11:45:00,562030
2022-01-02 12:15:00,134749.5
2022-01-02 12:45:00,395258.5
2022-01-02 13:15:00,943228
2022-01-02 13:45:00,1446917.5
2022-01-02 14:15:00,750822
2022-01-02 14:45:00,415281
2022-01-02 15:15:00,1496285
2022-01-02 15:45:00,1955730
2022-01-02 16:15:00,1436833.5
2022-01-02 16:45:00,3056564
2022-01-02 17:15:00,588203
2022-01-02 17:45:00,719819
2022-01-02 18:15:00,2839372.5
2022-01-02 18:45:00,2962315
2022-01-02 19:15:00,262718
2022-01-02 19:45:00,972925
2022-01-02 20:15:00,3112752.5
2022-01-02 20:45:00,497772
2022-01-02 21:15:00,201271.5
2022-01-02 21:45:00,1633376
2022-01-02 22:15:00,3414221
2022-01-02 22:45:00,2332711
2022-01-02 23:15:00,1608574
2022-01-02 23:45:00,685319
2022-01-03 00:15:00,159177.5
2022-01-03 00:45:00,208495.5
2022-01-03 01:15:00,460887
2022-01-03 01:45:00,1323365
2022-01-03 02:15:00,880080
2022-01-03 02:45:00,420628
2022-01-03 03:15:00,210411.5
2022-01-03 03:45:00,424474
2022-01-03 04:15:00,1253830
2022-01-03 04:45:00,104578
2022-01-03 05:15:00,361660
2022-01-03 05:45:00,1546798
2022-01-03 06:15:00,2077930.5
2022-01-03 06:45:00,519082
2022-01-03 07:15:00,729922
2022-01-03 07:45:00,642931.5
2022-01-03 08:15:00,447223.5
2022-01-03 08:45:00,1961699.5
2022-01-03 09:15:00,1742993
2022-01-03 09:45:00,457953.5
2022-01-03 10:15:00,1714395
2022-01-03 10:45:00,4797987
2022-01-03 11:15:00,7061309.5
2022-01-03 11:45:00,7505525
2022-01-03 12:15:00,8892288
2022-01-03 12:45:00,5880589
2022-01-03 13:15:00,4937777.5
2022-01-03 13:45:00,4205145
2022-01-03 14:15:00,3674035
2022-01-03 14:45:00,3641928.5
2022-01-03 15:15:00,3567065
2022-01-03 15:45:00,2091446.5
2022-01-03 16:15:00,3322028
2022-01-03 16:45:00,3107760
2022-01-03 17:15:00,3223334.5
2022-01-03 17:45:00,2580129
2022-01-03 18:15:00,839483.5
2022-01-03 18:45:00,787306
2022-01-03 19:15:00,1930133
2022-01-03 19:45:00,2422031.5
2022-01-03 20:15:00,2482183
2022-01-03 20:45:00,3830187
2022-01-03 21:15:00,5482282
2022-01-03 21:45:00,5889892
2022-01-03 22:15:00,8603368.5
2022-01-03 22:45:00,6839003
2022-01-03 23:15:00,8432167
2022-01-03 23:45:00,6844963
2022-01-04 00:15:00,5272077.5
2022-01-04 00:45:00,5425580.5
2022-01-04 01:15:00,3961893
2022-01-04 01:45:00,4748383.5
2022-01-04 02:15:00,5461919.5
2022-01-04 02:45:00,5342097.5
2022-01-04 03:15:00,2927909
2022-01-04 03:45:00,1478458.5
2022-01-04 04:15:00,2948499
2022-01-04 04:45:00,1401221.5
2022-01-04 05:15:00,690554
2022-01-04 05:45:00,252275
2022-01-04 06:15:00,669449
2022-01-04 06:45:00,477625.5
2022-01-04 07:15:00,348462
2022-01-04 07:45:00,456430.5
2022-01-04 08:15:00,378969
2022-01-04 08:45:00,413423
2022-01-04 09:15:00,935434.5
2022-01-04 09:45:00,328238
2022-01-04 10:15:00,330670.5
2022-01-04 10:45:00,829192.5
2022-01-04 11:15:00,198883.5
2022-01-04 11:45:00,1740168.5
2022-01-04 12:15:00,2656620
2022-01-04 12:45:00,2316230
2022-01-04 13:15:00,806736.5
2022-01-04 13:45:00,532474.5
2022-01-04 14:15:00,1606591
2022-01-04 14:45:00,3626289
2022-01-04 15:15:00,2660002
2022-01-04 15:45:00,509735.5
2022-01-04 16:15:00,1147424.5
2022-01-04 16:45:00,1608889
2022-01-04 17:15:00,3117357.5
2022-01-04 17:45:00,2942067.5
2022-01-04 18:15:00,4256779.5
2022-01-04 18:45:00,4244660.5
2022-01-04 19:15:00,3520201.5
2022-01-04 19:45:00,3837178.5
2022-01-04 20:15:00,4943155
2022-01-04 20:45:00,5496116.5
2022-01-04 21:15:00,5609971.5
2022-01-04 21:45:00,6945262.5
2022-01-04 22:15:00,8414012.5
2022-01-04 22:45:00,5246958.5
2022-01-04 23:15:00,4358585
2022-01-04 23:45:00,3312164.5
2022-01-05 00:15:00,4022648.5
2022-01-05 00:45:00,2717791
2022-01-05 01:15:00,2954014
2022-01-05 01:45:00,1668135
2022-01-05 02:15:00,1662089
2022-01-05 02:45:00,2216829.5
2022-01-05 03:15:00,1704075
2022-01-05 03:45:00,1465911
2022-01-05 04:15:00,766936.5
2022-01-05 04:45:00,532241
2022-01-05 05:15:00,460116
2022-01-05 05:45:00,1652274.5
2022-01-05 06:15:00,236459.5
2022-01-05 06:45:00,419215.5
2022-01-05 07:15:00,685361.5
2022-01-05 07:45:00,194055
2022-01-05 08:15:00,297834
2022-01-05 08:45:00,1853812
2022-01-05 09:15:00,2222963
2022-01-05 09:45:00,3765594
2022-01-05 10:15:00,613177.5
2022-01-05 10:45:00,1538562.5
2022-01-05 11:15:00,3292534
2022-01-05 11:45:00,1393397
2022-01-05 12:15:00,2370638.5
2022-01-05 12:45:00,864395.5
2022-01-05 13:15:00,1538151.5
2022-01-05 13:45:00,1077006.5
2022-01-05 14:15:00,2243834
2022-01-05 14:45:00,4031748.5
2022-01-05 15:15:00,4354482.5
2022-01-05 15:45:00,5162764
2022-01-05 16:15:00,8369363
2022-01-05 16:45:00,8128321.5
2022-01-05 17:15:00,8747253
2022-01-05 17:45:00,7717999.5
2022-01-05 18:15:00,7329539
2022-01-05 18:45:00,6577632
2022-01-05 19:15:00,4330457
2022-01-05 19:45:00,4816914.5
2022-01-05 20:15:00,3596895
2022-01-05 20:45:00,4454208.5
2022-01-05 21:15:00,4910235.5
2022-01-05 21:45:00,3949390
2022-01-05 22:15:00,4138450
2022-01-05 22:45:00,3296404
2022-01-05 23:15:00,2652720.5
2022-01-05 23:45:00,3316500
2022-01-06 00:15:00,5023190.5
2022-01-06 00:45:00,6259422
2022-01-06 01:15:00,6687846.5
2022-01-06 01:45:00,6846052
2022-01-06 02:15:00,4990819
2022-01-06 02:45:00,3291397
2022-01-06 03:15:00,2856027
2022-01-06 03:45:00,2572973
2022-01-06 04:15:00,430341
2022-01-06 04:45:00,445746
2022-01-06 05:15:00,385564
2022-01-06 05:45:00,466581.5
2022-01-06 06:15:00,1089187.5
2022-01-06 06:45:00,1562063.5
2022-01-06 07:15:00,247895.5
2022-01-06 07:45:00,1490299.5
2022-01-06 08:15:00,3494628
2022-01-06 08:45:00,2172779.5
2022-01-06 09:15:00,565440
2022-01-06 09:45:00,2449881
2022-01-06 10:15:00,527074
2022-01-06 10:45:00,5375126.5
2022-01-06 11:15:00,1536023.5
2022-01-06 11:45:00,1930296
2022-01-06 12:15:00,1751930.5
2022-01-06 12:45:00,571490
2022-01-06 13:15:00,1679544.5
2022-01-06 13:45:00,913597
2022-01-06 14:15:00,2944049.5
2022-01-06 14:45:00,2358379
2022-01-06 15:15:00,4159685
2022-01-06 15:45:00,2748067.5
2022-01-06 16:15:00,5065579.5
2022-01-06 16:45:00,5306667
2022-01-06 17:15:00,3227210.5
2022-01-06 17:45:00,3271222
2022-01-06 18:15:00,1110754.5
2022-01-06 18:45:00,1289472.5
2022-01-06 19:15:00,1752983.5
2022-01-06 19:45:00,1989195
2022-01-06 20:15:00,1502367
2022-01-06 20:45:00,226152.5
2022-01-06 21:15:00,725823
2022-01-06 21:45:00,1378189
2022-01-06 22:15:00,929206
2022-01-06 22:45:00,1405787
2022-01-06 23:15:00,1988415
2022-01-06 23:45:00,1114221.5
2022-01-07 00:15:00,832371.5
2022-01-07 00:45:00,294562.5
2022-01-07 01:15:00,378922
2022-01-07 01:45:00,768665.5
2022-01-07 02:15:00,594904.5
2022-01-07 02:45:00,958871
2022-01-07 03:15:00,325510.5
2022-01-07 03:45:00,743121.5
2022-01-07 04:15:00,1929665
2022-01-07 04:45:00,1788952.5
2022-01-07 05:15:00,2993308.5
2022-01-07 05:45:00,210338
2022-01-07 06:15:00,1046116
2022-01-07 06:45:00,901199.5
2022-01-07 07:15:00,1616548.5
2022-01-07 07:45:00,745113.5
2022-01-07 08:15:00,2827529.5
2022-01-07 08:45:00,3469696
2022-01-07 09:15:00,3805663.5
2022-01-07 09:45:00,1011562
2022-01-07 10:15:00,791016
2022-01-07 10:45:00,402581
2022-01-07 11:15:00,225307.5
2022-01-07 11:45:00,421915
2022-01-07 12:15:00,2577287
2022-01-07 12:45:00,9451582.5
2022-01-07 13:15:00,10156047.5
2022-01-07 13:45:00,9890551
2022-01-07 14:15:00,9801951
2022-01-07 14:45:00,11087451
2022-01-07 15:15:00,8208455.5
2022-01-07 15:45:00,8842063
2022-01-07 16:15:00,10842121.5
2022-01-07 16:45:00,12061379
2022-01-07 17:15:00,12827199.5
2022-01-07 17:45:00,10034435.5
2022-01-07 18:15:00,10275296.5
2022-01-07 18:45:00,11287780.5
2022-01-07 19:15:00,8952197.5
2022-01-07 19:45:00,8543231.5
2022-01-07 20:15:00,7776802
2022-01-07 20:45:00,7701783.5
2022-01-07 21:15:00,1958277.5
2022-01-07 21:45:00,2984218
2022-01-07 22:15:00,4334214
2022-01-07 22:45:00,1615116
2022-01-07 23:15:00,1684098
2022-01-07 23:45:00,452646
2022-01-08 00:15:00,834894
2022-01-08 00:45:00,356618.5
2022-01-08 01:15:00,606373.5
2022-01-08 01:45:00,370202.5
2022-01-08 02:15:00,1920752.5
2022-01-08 02:45:00,2119693
2022-01-08 03:15:00,421902
2022-01-08 03:45:00,335503
2022-01-08 04:15:00,310338
2022-01-08 04:45:00,182988
2022-01-08 05:15:00,608543.5
2022-01-08 05:45:00,136992.5
2022-01-08 06:15:00,1691916
2022-01-08 06:45:00,2193671
2022-01-08 07:15:00,1586474.5
2022-01-08 07:45:00,242205.5
2022-01-08 08:15:00,594466.5
2022-01-08 08:45:00,200443
2022-01-08 09:15:00,432597
2022-01-08 09:45:00,372554
2022-01-08 10:15:00,2889233.5
2022-01-08 10:45:00,865547.5
2022-01-08 11:15:00,802370
2022-01-08 11:45:00,952053.5
2022-01-08 12:15:00,342264
2022-01-08 12:45:00,129888.5
2022-01-08 13:15:00,183197.5
2022-01-08 13:45:00,924793.5
2022-01-08 14:15:00,560344
2022-01-08 14:45:00,538134.5
2022-01-08 15:15:00,3223130
2022-01-08 15:45:00,4637997
2022-01-08 16:15:00,5009266.5
2022-01-08 16:45:00,5092265.5
2022-01-08 17:15:00,4334630
2022-01-08 17:45:00,5226501.5
2022-01-08 18:15:00,4703125
2022-01-08 18:45:00,3853184.5
2022-01-08 19:15:00,1896343.5
2022-01-08 19:45:00,1822673
2022-01-08 20:15:00,1230013.5
2022-01-08 20:45:00,222883
2022-01-08 21:15:00,518824.5
2022-01-08 21:45:00,3716705.5
2022-01-08 22:15:00,4208256.5
2022-01-08 22:45:00,2673112
2022-01-08 23:15:00,401957
2022-01-08 23:45:00,527749
2022-01-09 00:15:00,888956.5
2022-01-09 00:45:00,1195073.5
2022-01-09 01:15:00,1419096.5
2022-01-09 01:45:00,729099.5
2022-01-09 02:15:00,423466
2022-01-09 02:45:00,268749
2022-01-09 03:15:00,114981.5
2022-01-09 03:45:00,370931
2022-01-09 04:15:00,620646.5
2022-01-09 04:45:00,188526
2022-01-09 05:15:00,691249.5
2022-01-09 05:45:00,515846
2022-01-09 06:15:00,309440.5
2022-01-09 06:45:00,107237.5
2022-01-09 07:15:00,213382
2022-01-09 07:45:00,438427
2022-01-09 08:15:00,987877.5
2022-01-09 08:45:00,274517
2022-01-09 09:15:00,315164
2022-01-09 09:45:00,516897.5
2022-01-09 10:15:00,464887
2022-01-09 10:45:00,383489.5
2022-01-09 11:15:00,381014.5
2022-01-09 11:45:00,502243
2022-01-09 12:15:00,279287.5
2022-01-09 12:45:00,514681
2022-01-09 13:15:00,220599.5
2022-01-09 13:45:00,621130.5
2022-01-09 14:15:00,701977
2022-01-09 14:45:00,1135899
2022-01-09 15:15:00,512370.5
2022-01-09 15:45:00,1101315
2022-01-09 16:15:00,458667.5
2022-01-09 16:45:00,1359683.5
2022-01-09 17:15:00,460600
2022-01-09 17:45:00,1322960
2022-01-09 18:15:00,1397598.5
2022-01-09 18:45:00,515250
2022-01-09 19:15:00,175949.5
2022-01-09 19:45:00,436186.5
2022-01-09 20:15:00,2270707.5
2022-01-09 20:45:00,578174
2022-01-09 21:15:00,1251979.5
2022-01-09 21:45:00,1417429
2022-01-09 22:15:00,1741011
2022-01-09 22:45:00,509789.5
2022-01-09 23:15:00,142279.5
2022-01-09 23:45:00,246034.5
2022-01-10 00:15:00,138374
2022-01-10 00:45:00,202990.5
2022-01-10 01:15:00,250527.5
2022-01-10 01:45:00,429349.5
2022-01-10 02:15:00,871032.5
2022-01-10 02:45:00,758951
2022-01-10 03:15:00,698417.5
2022-01-10 03:45:00,199574.5
2022-01-10 04:15:00,1699879.5
2022-01-10 04:45:00,2264928.5
2022-01-10 05:15:00,107326
2022-01-10 05:45:00,379453.5
2022-01-10 06:15:00,272581.5
2022-01-10 06:45:00,1328328
2022-01-10 07:15:00,4352414
2022-01-10 07:45:00,250405.5
2022-01-10 08:15:00,2619363.5
2022-01-10 08:45:00,4449656.5
2022-01-10 09:15:00,4748338.5
2022-01-10 09:45:00,5655613
2022-01-10 10:15:00,6513408
2022-01-10 10:45:00,7726508
2022-01-10 11:15:00,5194411
2022-01-10 11:45:00,3535244
2022-01-10 12:15:00,4940481.5
2022-01-10 12:45:00,5904851.5
2022-01-10 13:15:00,2982696.5
2022-01-10 13:45:00,3661606
2022-01-10 14:15:00,5742507
2022-01-10 14:45:00,7987788.5
2022-01-10 15:15:00,10523246.5
2022-01-10 15:45:00,8374549
2022-01-10 16:15:00,8310498
2022-01-10 16:45:00,9803456.5
2022-01-10 17:15:00,9089052.5
2022-01-10 17:45:00,8397822
2022-01-10 18:15:00,7177512
2022-01-10 18:45:00,7377888
2022-01-10 19:15:00,7467393.5
2022-01-10 19:45:00,5679901.5
2022-01-10 20:15:00,7413711.5
2022-01-10 20:45:00,7076209.5
2022-01-10 21:15:00,6635677
2022-01-10 21:45:00,5625523.5
2022-01-10 22:15:00,6444281.5
2022-01-10 22:45:00,5753206
2022-01-10 23:15:00,5075019
2022-01-10 23:45:00,2759885.5
2022-01-11 00:15:00,840142
2022-01-11 00:45:00,1063152
2022-01-11 01:15:00,1248965.5
2022-01-11 01:45:00,284316
2022-01-11 02:15:00,1504521
2022-01-11 02:45:00,302879
2022-01-11 03:15:00,146065.5
2022-01-11 03:45:00,277302.5
2022-01-11 04:15:00,910875.5
2022-01-11 04:45:00,1470201
2022-01-11 05:15:00,597535
2022-01-11 05:45:00,215015
2022-01-11 06:15:00,1594447.5
2022-01-11 06:45:00,1935061.5
2022-01-11 07:15:00,361427.5
2022-01-11 07:45:00,2302665.5
2022-01-11 08:15:00,2870769.5
2022-01-11 08:45:00,4646033
2022-01-11 09:15:00,6392556.5
2022-01-11 09:45:00,5743675.5
2022-01-11 10:15:00,5833082
2022-01-11 10:45:00,3486487
2022-01-11 11:15:00,505419
2022-01-11 11:45:00,1389337
2022-01-11 12:15:00,697309
2022-01-11 12:45:00,1457399
2022-01-11 13:15:00,2328455
2022-01-11 13:45:00,2333707.5
2022-01-11 14:15:00,2448885.5
2022-01-11 14:45:00,3828158
2022-01-11 15:15:00,4249289
2022-01-11 15:45:00,4111836
2022-01-11 16:15:00,4555863
2022-01-11 16:45:00,6257614.5
2022-01-11 17:15:00,1027666.5
2022-01-11 17:45:00,1465783
2022-01-11 18:15:00,1596019.5
2022-01-11 18:45:00,1003804
2022-01-11 19:15:00,476163
2022-01-11 19:45:00,1090427
2022-01-11 20:15:00,359762
2022-01-11 20:45:00,702142
2022-01-11 21:15:00,602923.5
2022-01-11 21:45:00,1104406
2022-01-11 22:15:00,480809.5
2022-01-11 22:45:00,506692
2022-01-11 23:15:00,704308
2022-01-11 23:45:00,318961.5
2022-01-12 00:15:00,2501169
2022-01-12 00:45:00,3743672.5
2022-01-12 01:15:00,5160498
2022-01-12 01:45:00,4445748
2022-01-12 02:15:00,3479556
2022-01-12 02:45:00,3240754.5
2022-01-12 03:15:00,1460067
2022-01-12 03:45:00,361981
2022-01-12 04:15:00,1206030
2022-01-12 04:45:00,927476.5
2022-01-12 05:15:00,1144638.5
2022-01-12 05:45:00,4131122
2022-01-12 06:15:00,1866160
2022-01-12 06:45:00,2456710
2022-01-12 07:15:00,1425539.5
2022-01-12 07:45:00,3941650.5
2022-01-12 08:15:00,3018587.5
2022-01-12 08:45:00,1740907
2022-01-12 09:15:00,559071
2022-01-12 09:45:00,434817.5
2022-01-12 10:15:00,1786903.5
2022-01-12 10:45:00,629960
2022-01-12 11:15:00,136741.5
2022-01-12 11:45:00,494642
2022-01-12 12:15:00,2184938.5
2022-01-12 12:45:00,1759708
2022-01-12 13:15:00,543715.5
2022-01-12 13:45:00,734937.5
2022-01-12 14:15:00,3608487
2022-01-12 14:45:00,4281697
2022-01-12 15:15:00,3628556
2022-01-12 15:45:00,3846017.5
2022-01-12 16:15:00,3418418.5
2022-01-12 16:45:00,2374613.5
2022-01-12 17:15:00,770587.5
2022-01-12 17:45:00,1840781
2022-01-12 18:15:00,2588568.5
2022-01-12 18:45:00,1784386
2022-01-12 19:15:00,2006090.5
2022-01-12 19:45:00,1415379
2022-01-12 20:15:00,1062746
2022-01-12 20:45:00,1059511
2022-01-12 21:15:00,495748
2022-01-12 21:45:00,678619.5
2022-01-12 22:15:00,227116.5
2022-01-12 22:45:00,732836.5
2022-01-12 23:15:00,1461465.5
2022-01-12 23:45:00,876827
2022-01-13 00:15:00,2066561
2022-01-13 00:45:00,159754.5
2022-01-13 01:15:00,348397.5
2022-01-13 01:45:00,164968.5
2022-01-13 02:15:00,411190.5
2022-01-13 02:45:00,1641466
2022-01-13 03:15:00,286446.5
2022-01-13 03:45:00,403540
2022-01-13 04:15:00,359888
2022-01-13 04:45:00,727217.5
2022-01-13 05:15:00,184120
2022-01-13 05:45:00,764011
2022-01-13 06:15:00,879713.5
2022-01-13 06:45:00,352085
2022-01-13 07:15:00,160740
2022-01-13 07:45:00,417402.5
2022-01-13 08:15:00,681588
2022-01-13 08:45:00,683001.5
2022-01-13 09:15:00,173570
2022-01-13 09:45:00,468183
2022-01-13 10:15:00,236262
2022-01-13 10:45:00,907747.5
2022-01-13 11:15:00,715954
2022-01-13 11:45:00,196669.5
2022-01-13 12:15:00,487639
2022-01-13 12:45:00,242288
2022-01-13 13:15:00,1397042.5
2022-01-13 13:45:00,2604351
2022-01-13 14:15:00,4363923
2022-01-13 14:45:00,4235185.5
2022-01-13 15:15:00,4070444
2022-01-13 15:45:00,5622355
2022-01-13 16:15:00,5525699
2022-01-13 16:45:00,4685634
2022-01-13 17:15:00,6232368
2022-01-13 17:45:00,5645603
2022-01-13 18:15:00,4232656.5
2022-01-13 18:45:00,1493938
2022-01-13 19:15:00,478664.5
2022-01-13 19:45:00,1180861
2022-01-13 20:15:00,1543594.5
2022-01-13 20:45:00,739929
2022-01-13 21:15:00,238047
2022-01-13 21:45:00,568855
2022-01-13 22:15:00,1174369
2022-01-13 22:45:00,1902409.5
2022-01-13 23:15:00,235990
2022-01-13 23:45:00,177365
2022-01-14 00:15:00,1484868
2022-01-14 00:45:00,1376434.5
2022-01-14 01:15:00,146179.5
2022-01-14 01:45:00,664816
2022-01-14 02:15:00,265850
2022-01-14 02:45:00,230301
2022-01-14 03:15:00,120877
2022-01-14 03:45:00,101822.5
2022-01-14 04:15:00,315392.5
2022-01-14 04:45:00,722663
2022-01-14 05:15:00,351724
2022-01-14 05:45:00,300557
2022-01-14 06:15:00,2062950
2022-01-14 06:45:00,1168213
2022-01-14 07:15:00,758452.5
2022-01-14 07:45:00,1450255.5
2022-01-14 08:15:00,3376680
2022-01-14 08:45:00,3975203
2022-01-14 09:15:00,3726983.5
2022-01-14 09:45:00,2876308.5
2022-01-14 10:15:00,3463297.5
2022-01-14 10:45:00,3830272
2022-01-14 11:15:00,865158.5
2022-01-14 11:45:00,1580636.5
2022-01-14 12:15:00,1658209.5
2022-01-14 12:45:00,741583.5
2022-01-14 13:15:00,1211790
2022-01-14 13:45:00,1424807
2022-01-14 14:15:00,1523963.5
2022-01-14 14:45:00,597480.5
2022-01-14 15:15:00,453058.5
2022-01-14 15:45:00,388205
2022-01-14 16:15:00,805190.5
2022-01-14 16:45:00,646775
2022-01-14 17:15:00,949755
2022-01-14 17:45:00,492016.5
2022-01-14 18:15:00,415130
2022-01-14 18:45:00,406443
2022-01-14 19:15:00,965058
2022-01-14 19:45:00,1802266
2022-01-14 20:15:00,3582090
2022-01-14 20:45:00,3003495
2022-01-14 21:15:00,1790528
2022-01-14 21:45:00,1262323.5
2022-01-14 22:15:00,2977072.5
2022-01-14 22:45:00,3585829.5
2022-01-14 23:15:00,277119.5
2022-01-14 23:45:00,180531.5
2022-01-15 00:15:00,244286
2022-01-15 00:45:00,274182.5
2022-01-15 01:15:00,269261
2022-01-15 01:45:00,196975.5
2022-01-15 02:15:00,1045272.5
2022-01-15 02:45:00,566593.5
2022-01-15 03:15:00,345297
2022-01-15 03:45:00,247186.5
2022-01-15 04:15:00,590153
2022-01-15 04:45:00,367157
2022-01-15 05:15:00,317366.5
2022-01-15 05:45:00,284295.5
2022-01-15 06:15:00,295328.5
2022-01-15 06:45:00,243790.5
2022-01-15 07:15:00,504341.5
2022-01-15 07:45:00,421024
2022-01-15 08:15:00,640482
2022-01-15 08:45:00,390842.5
2022-01-15 09:15:00,632542
2022-01-15 09:45:00,221753
2022-01-15 10:15:00,1877529.5
2022-01-15 10:45:00,2400107.5
2022-01-15 11:15:00,2073352.5
2022-01-15 11:45:00,2321683.5
2022-01-15 12:15:00,362208
2022-01-15 12:45:00,260694
2022-01-15 13:15:00,678726
2022-01-15 13:45:00,1140870.5
2022-01-15 14:15:00,182098.5
2022-01-15 14:45:00,465192.5
2022-01-15 15:15:00,733532
2022-01-15 15:45:00,572509
2022-01-15 16:15:00,1116548.5
2022-01-15 16:45:00,2448667
2022-01-15 17:15:00,2570638.5
2022-01-15 17:45:00,3906825.5
2022-01-15 18:15:00,4120564
2022-01-15 18:45:00,1355625
2022-01-15 19:15:00,1367398.5
2022-01-15 19:45:00,2986636
2022-01-15 20:15:00,5477124.5
2022-01-15 20:45:00,2649943.5
2022-01-15 21:15:00,3562493.5
2022-01-15 21:45:00,306946.5
2022-01-15 22:15:00,227666
2022-01-15 22:45:00,254798.5
2022-01-15 23:15:00,201002.5
2022-01-15 23:45:00,246660.5
2022-01-16 00:15:00,181072
2022-01-16 00:45:00,326970.5
2022-01-16 01:15:00,323524
2022-01-16 01:45:00,806643.5
2022-01-16 02:15:00,2351533.5
2022-01-16 02:45:00,371006
2022-01-16 03:15:00,548536
2022-01-16 03:45:00,558011.5
2022-01-16 04:15:00,983555
2022-01-16 04:45:00,380769
2022-01-16 05:15:00,402775
2022-01-16 05:45:00,443352
2022-01-16 06:15:00,302390.5
2022-01-16 06:45:00,175215.5
2022-01-16 07:15:00,381518.5
2022-01-16 07:45:00,573757
2022-01-16 08:15:00,291885.5
2022-01-16 08:45:00,587916.5
2022-01-16 09:15:00,180139.5
2022-01-16 09:45:00,329801.5
2022-01-16 10:15:00,355063.5
2022-01-16 10:45:00,116602
2022-01-16 11:15:00,497123.5
2022-01-16 11:45:00,89502.5
2022-01-16 12:15:00,683101.5
2022-01-16 12:45:00,388322.5
2022-01-16 13:15:00,302075
2022-01-16 13:45:00,595706.5
2022-01-16 14:15:00,1246577
2022-01-16 14:45:00,668424.5
2022-01-16 15:15:00,1811663
2022-01-16 15:45:00,1376340.5
2022-01-16 16:15:00,327511.5
2022-01-16 16:45:00,515223
2022-01-16 17:15:00,255786
2022-01-16 17:45:00,261362
2022-01-16 18:15:00,1458662.5
2022-01-16 18:45:00,634784.5
2022-01-16 19:15:00,146493
2022-01-16 19:45:00,1069342.5
2022-01-16 20:15:00,1230232.5
2022-01-16 20:45:00,260853.5
2022-01-16 21:15:00,489510
2022-01-16 21:45:00,341689.5
2022-01-16 22:15:00,353813
2022-01-16 22:45:00,494195
2022-01-16 23:15:00,673708
2022-01-16 23:45:00,355626.5
2022-01-17 00:15:00,647520
2022-01-17 00:45:00,297057
2022-01-17 01:15:00,240402
2022-01-17 01:45:00,211168
2022-01-17 02:15:00,367879.5
2022-01-17 02:45:00,1303286
2022-01-17 03:15:00,295603.5
2022-01-17 03:45:00,203723
2022-01-17 04:15:00,395503.5
2022-01-17 04:45:00,221150.5
2022-01-17 05:15:00,1133683.5
2022-01-17 05:45:00,2082594.5
2022-01-17 06:15:00,871519.5
2022-01-17 06:45:00,884351
2022-01-17 07:15:00,214665.5
2022-01-17 07:45:00,756191
2022-01-17 08:15:00,501670.5
2022-01-17 08:45:00,409885
2022-01-17 09:15:00,1434331
2022-01-17 09:45:00,4536312
2022-01-17 10:15:00,11788717
2022-01-17 10:45:00,12375798
2022-01-17 11:15:00,13551464.5
2022-01-17 11:45:00,12268487.5
2022-01-17 12:15:00,10908766
2022-01-17 12:45:00,9746676
2022-01-17 13:15:00,7753244.5
2022-01-17 13:45:00,3861057.5
2022-01-17 14:15:00,1004255.5
2022-01-17 14:45:00,716374.5
2022-01-17 15:15:00,1934346
2022-01-17 15:45:00,1334685
2022-01-17 16:15:00,564731
2022-01-17 16:45:00,553720
2022-01-17 17:15:00,1146532
2022-01-17 17:45:00,393952.5
2022-01-17 18:15:00,1587868
2022-01-17 18:45:00,935720.5
2022-01-17 19:15:00,1377745.5
2022-01-17 19:45:00,753501.5
2022-01-17 20:15:00,2821032.5
2022-01-17 20:45:00,1776990
2022-01-17 21:15:00,3615374
2022-01-17 21:45:00,4135533
2022-01-17 22:15:00,3594691.5
2022-01-17 22:45:00,2630429
2022-01-17 23:15:00,2043443
2022-01-17 23:45:00,981303.5
2022-01-18 00:15:00,229179.5
2022-01-18 00:45:00,242890.5
2022-01-18 01:15:00,192962.5
2022-01-18 01:45:00,334558.5
2022-01-18 02:15:00,409015
2022-01-18 02:45:00,593234.5
2022-01-18 03:15:00,1005670
2022-01-18 03:45:00,1345324
2022-01-18 04:15:00,1609647
2022-01-18 04:45:00,2697279
2022-01-18 05:15:00,3709350.5
2022-01-18 05:45:00,3024210.5
2022-01-18 06:15:00,1981427.5
2022-01-18 06:45:00,308438
2022-01-18 07:15:00,516849
2022-01-18 07:45:00,766847
2022-01-18 08:15:00,880501
2022-01-18 08:45:00,519719
2022-01-18 09:15:00,458355.5
2022-01-18 09:45:00,441302
2022-01-18 10:15:00,1542605.5
2022-01-18 10:45:00,440709.5
2022-01-18 11:15:00,694037.5
2022-01-18 11:45:00,905678
2022-01-18 12:15:00,1749034
2022-01-18 12:45:00,295671
2022-01-18 13:15:00,1228739
2022-01-18 13:45:00,2115731.5
2022-01-18 14:15:00,3304427.5
2022-01-18 14:45:00,3703482.5
2022-01-18 15:15:00,4248347
2022-01-18 15:45:00,3254021
2022-01-18 16:15:00,5807159.5
2022-01-18 16:45:00,7099102.5
2022-01-18 17:15:00,8042460
2022-01-18 17:45:00,5728467
2022-01-18 18:15:00,6531932
2022-01-18 18:45:00,6493505.5
2022-01-18 19:15:00,3665680
2022-01-18 19:45:00,3177412
2022-01-18 20:15:00,4259882.5
2022-01-18 20:45:00,1643056.5
2022-01-18 21:15:00,679561.5
2022-01-18 21:45:00,491930
2022-01-18 22:15:00,1720205.5
2022-01-18 22:45:00,243414
2022-01-18 23:15:00,886307
2022-01-18 23:45:00,1370099
2022-01-19 00:15:00,769613
2022-01-19 00:45:00,604782.5
2022-01-19 01:15:00,356474
2022-01-19 01:45:00,222150.5
2022-01-19 02:15:00,830349.5
2022-01-19 02:45:00,579006.5
2022-01-19 03:15:00,167111.5
2022-01-19 03:45:00,220958.5
2022-01-19 04:15:00,163362.5
2022-01-19 04:45:00,573098
2022-01-19 05:15:00,142934
2022-01-19 05:45:00,514343.5
2022-01-19 06:15:00,571944.5
2022-01-19 06:45:00,976371.5
2022-01-19 07:15:00,868260.5
2022-01-19 07:45:00,2229127.5
2022-01-19 08:15:00,185845.5
2022-01-19 08:45:00,487473
2022-01-19 09:15:00,554227
2022-01-19 09:45:00,458229
2022-01-19 10:15:00,3149825
2022-01-19 10:45:00,3833493
2022-01-19 11:15:00,4575162.5
2022-01-19 11:45:00,4578394
2022-01-19 12:15:00,3645411.5
2022-01-19 12:45:00,4691104
2022-01-19 13:15:00,3592060.5
2022-01-19 13:45:00,532224
2022-01-19 14:15:00,264054.5
2022-01-19 14:45:00,938068.5
2022-01-19 15:15:00,353107.5
2022-01-19 15:45:00,851477.5
2022-01-19 16:15:00,918134.5
2022-01-19 16:45:00,819865.5
2022-01-19 17:15:00,948826
2022-01-19 17:45:00,367627.5
2022-01-19 18:15:00,459537
2022-01-19 18:45:00,338847.5
2022-01-19 19:15:00,463594
2022-01-19 19:45:00,619269.5
2022-01-19 20:15:00,3077224
2022-01-19 20:45:00,1668320
2022-01-19 21:15:00,1021482.5
2022-01-19 21:45:00,2483208
2022-01-19 22:15:00,3174443
2022-01-19 22:45:00,5178812
2022-01-19 23:15:00,4095535
2022-01-19 23:45:00,1621245.5
2022-01-20 00:15:00,1122503.5
2022-01-20 00:45:00,223698.5
2022-01-20 01:15:00,275238
2022-01-20 01:45:00,403857.5
2022-01-20 02:15:00,1140665
2022-01-20 02:45:00,237498.5
2022-01-20 03:15:00,331237
2022-01-20 03:45:00,543212
2022-01-20 04:15:00,141446.5
2022-01-20 04:45:00,617752.5
2022-01-20 05:15:00,387740
2022-01-20 05:45:00,114645.5
2022-01-20 06:15:00,150566
2022-01-20 06:45:00,494262
2022-01-20 07:15:00,381698.5
2022-01-20 07:45:00,207292
2022-01-20 08:15:00,1513956.5
2022-01-20 08:45:00,1425130
2022-01-20 09:15:00,315706
2022-01-20 09:45:00,623031
2022-01-20 10:15:00,799205
2022-01-20 10:45:00,303094.5
2022-01-20 11:15:00,481024.5
2022-01-20 11:45:00,4008554
2022-01-20 12:15:00,4223479
2022-01-20 12:45:00,3123636
2022-01-20 13:15:00,959030.5
2022-01-20 13:45:00,728986.5
2022-01-20 14:15:00,1852289
2022-01-20 14:45:00,758117.5
2022-01-20 15:15:00,2185419.5
2022-01-20 15:45:00,1588395.5
2022-01-20 16:15:00,3897858.5
2022-01-20 16:45:00,4301506
2022-01-20 17:15:00,2648710.5
2022-01-20 17:45:00,418995
2022-01-20 18:15:00,3365799.5
2022-01-20 18:45:00,4892821.5
2022-01-20 19:15:00,3757140.5
2022-01-20 19:45:00,3590990.5
2022-01-20 20:15:00,6621593
2022-01-20 20:45:00,6435549.5
2022-01-20 21:15:00,6088045.5
2022-01-20 21:45:00,6243091.5
2022-01-20 22:15:00,6085347.5
2022-01-20 22:45:00,6106379
2022-01-20 23:15:00,4349290.5
2022-01-20 23:45:00,3607340.5
2022-01-21 00:15:00,2666600.5
2022-01-21 00:45:00,477395
2022-01-21 01:15:00,489113.5
2022-01-21 01:45:00,662248.5
2022-01-21 02:15:00,1805941.5
2022-01-21 02:45:00,1332838.5
2022-01-21 03:15:00,231169.5
2022-01-21 03:45:00,751261
2022-01-21 04:15:00,1445541.5
2022-01-21 04:45:00,2370521.5
2022-01-21 05:15:00,2890342
2022-01-21 05:45:00,3133394.5
2022-01-21 06:15:00,2817173.5
2022-01-21 06:45:00,3487839.5
2022-01-21 07:15:00,4329981
2022-01-21 07:45:00,2642365.5
2022-01-21 08:15:00,1197620.5
2022-01-21 08:45:00,2522236
2022-01-21 09:15:00,4014455
2022-01-21 09:45:00,2970928.5
2022-01-21 10:15:00,1424892.5
2022-01-21 10:45:00,2382357.5
2022-01-21 11:15:00,3220779.5
2022-01-21 11:45:00,1828332
2022-01-21 12:15:00,3818951.5
2022-01-21 12:45:00,4702747
2022-01-21 13:15:00,5646745.5
2022-01-21 13:45:00,5353040.5
2022-01-21 14:15:00,7131085
2022-01-21 14:45:00,4501731
2022-01-21 15:15:00,2852704.5
2022-01-21 15:45:00,3664434.5
2022-01-21 16:15:00,4916315
2022-01-21 16:45:00,4023291
2022-01-21 17:15:00,5322199
2022-01-21 17:45:00,6263119.5
2022-01-21 18:15:00,7521043
2022-01-21 18:45:00,5733217.5
2022-01-21 19:15:00,4745202
2022-01-21 19:45:00,3190936
2022-01-21 20:15:00,5611512
2022-01-21 20:45:00,7188939.5
2022-01-21 21:15:00,4921891
2022-01-21 21:45:00,4165370
2022-01-21 22:15:00,4911941
2022-01-21 22:45:00,5884221.5
2022-01-21 23:15:00,6234715.5
2022-01-21 23:45:00,7673798
2022-01-22 00:15:00,7575586
2022-01-22 00:45:00,8056532.5
2022-01-22 01:15:00,8341956
2022-01-22 01:45:00,8574674.5
2022-01-22 02:15:00,9399135.5
2022-01-22 02:45:00,11966281.5
2022-01-22 03:15:00,13276552.5
2022-01-22 03:45:00,11265307
2022-01-22 04:15:00,11091190.5
2022-01-22 04:45:00,10567943.5
2022-01-22 05:15:00,10142271.5
2022-01-22 05:45:00,9868987.5
2022-01-22 06:15:00,9894624.5
2022-01-22 06:45:00,7893648
2022-01-22 07:15:00,7399726
2022-01-22 07:45:00,6582137
2022-01-22 08:15:00,4783910.5
2022-01-22 08:45:00,1391578
2022-01-22 09:15:00,2430877
2022-01-22 09:45:00,284757
2022-01-22 10:15:00,1289002
2022-01-22 10:45:00,1577024.5
2022-01-22 11:15:00,1069484
2022-01-22 11:45:00,589307.5
2022-01-22 12:15:00,5149402
2022-01-22 12:45:00,4940314
2022-01-22 13:15:00,4177673.5
2022-01-22 13:45:00,4136274
2022-01-22 14:15:00,5340707.5
2022-01-22 14:45:00,6588076
2022-01-22 15:15:00,7654994
2022-01-22 15:45:00,5190204.5
2022-01-22 16:15:00,6425901.5
2022-01-22 16:45:00,4167380
2022-01-22 17:15:00,2293095.5
2022-01-22 17:45:00,620852.5
2022-01-22 18:15:00,1652539.5
2022-01-22 18:45:00,2518356
2022-01-22 19:15:00,3640820.5
2022-01-22 19:45:00,4130647
2022-01-22 20:15:00,2070362
2022-01-22 20:45:00,2381318.5
2022-01-22 21:15:00,1528326
2022-01-22 21:45:00,2364103.5
2022-01-22 22:15:00,1002136
2022-01-22 22:45:00,541669.5
2022-01-22 23:15:00,345452
2022-01-22 23:45:00,244749
2022-01-23 00:15:00,393681.5
2022-01-23 00:45:00,704506.5
2022-01-23 01:15:00,242106.5
2022-01-23 01:45:00,550628
2022-01-23 02:15:00,1650192.5
2022-01-23 02:45:00,2787819
2022-01-23 03:15:00,1310958.5
2022-01-23 03:45:00,885878
2022-01-23 04:15:00,456716.5
2022-01-23 04:45:00,723208.5
2022-01-23 05:15:00,154174.5
2022-01-23 05:45:00,534018.5
2022-01-23 06:15:00,931478
2022-01-23 06:45:00,234008.5
2022-01-23 07:15:00,1460829.5
2022-01-23 07:45:00,584898.5
2022-01-23 08:15:00,131804.5
2022-01-23 08:45:00,723365.5
2022-01-23 09:15:00,502035.5
2022-01-23 09:45:00,233577.5
2022-01-23 10:15:00,934370
2022-01-23 10:45:00,817783.5
2022-01-23 11:15:00,982254
2022-01-23 11:45:00,424112.5
2022-01-23 12:15:00,670682
2022-01-23 12:45:00,713036
2022-01-23 13:15:00,761267.5
2022-01-23 13:45:00,581042
2022-01-23 14:15:00,2000446
2022-01-23 14:45:00,821358.5
2022-01-23 15:15:00,266780.5
2022-01-23 15:45:00,182459
2022-01-23 16:15:00,1807970
2022-01-23 16:45:00,300345
2022-01-23 17:15:00,1294605
2022-01-23 17:45:00,1142058
2022-01-23 18:15:00,1077376
2022-01-23 18:45:00,1142747.5
2022-01-23 19:15:00,961084
2022-01-23 19:45:00,467193.5
2022-01-23 20:15:00,987285.5
2022-01-23 20:45:00,263108.5
2022-01-23 21:15:00,642216
2022-01-23 21:45:00,423917.5
2022-01-23 22:15:00,427463.5
2022-01-23 22:45:00,329608.5
2022-01-23 23:15:00,663436
2022-01-23 23:45:00,1229013
2022-01-24 00:15:00,864028.5
2022-01-24 00:45:00,591762.5
2022-01-24 01:15:00,472276
2022-01-24 01:45:00,366854.5
2022-01-24 02:15:00,1944679
2022-01-24 02:45:00,276390
2022-01-24 03:15:00,438475.5
2022-01-24 03:45:00,110802
2022-01-24 04:15:00,520245
2022-01-24 04:45:00,271838.5
2022-01-24 05:15:00,277001.5
2022-01-24 05:45:00,319507
2022-01-24 06:15:00,527551.5
2022-01-24 06:45:00,157104.5
2022-01-24 07:15:00,184938
2022-01-24 07:45:00,504456
2022-01-24 08:15:00,664807.5
2022-01-24 08:45:00,2044540
2022-01-24 09:15:00,4371140.5
2022-01-24 09:45:00,4879602
2022-01-24 10:15:00,4702306.5
2022-01-24 10:45:00,3296514.5
2022-01-24 11:15:00,3593170.5
2022-01-24 11:45:00,5517932
2022-01-24 12:15:00,6014036.5
2022-01-24 12:45:00,2027590
2022-01-24 13:15:00,3836637
2022-01-24 13:45:00,2803025.5
2022-01-24 14:15:00,4083179.5
2022-01-24 14:45:00,3867554
2022-01-24 15:15:00,4122411
2022-01-24 15:45:00,2554276
2022-01-24 16:15:00,1412903
2022-01-24 16:45:00,2259943.5
2022-01-24 17:15:00,800496
2022-01-24 17:45:00,1944982
2022-01-24 18:15:00,2944724.5
2022-01-24 18:45:00,3831531.5
2022-01-24 19:15:00,6216292
2022-01-24 19:45:00,6605286
2022-01-24 20:15:00,8754650.5
2022-01-24 20:45:00,9607145.5
2022-01-24 21:15:00,6212894
2022-01-24 21:45:00,4754485
2022-01-24 22:15:00,3286698
2022-01-24 22:45:00,2103494
2022-01-24 23:15:00,1148649
2022-01-24 23:45:00,753776
2022-01-25 00:15:00,1494501.5
2022-01-25 00:45:00,1334965
2022-01-25 01:15:00,578460.5
2022-01-25 01:45:00,296758
2022-01-25 02:15:00,266667.5
2022-01-25 02:45:00,357178.5
2022-01-25 03:15:00,1143307
2022-01-25 03:45:00,706097.5
2022-01-25 04:15:00,251796.5
2022-01-25 04:45:00,198564
2022-01-25 05:15:00,1067660.5
2022-01-25 05:45:00,2036448
2022-01-25 06:15:00,1432271.5
2022-01-25 06:45:00,1713231
2022-01-25 07:15:00,159094.5
2022-01-25 07:45:00,272173.5
2022-01-25 08:15:00,487585.5
2022-01-25 08:45:00,724325
2022-01-25 09:15:00,1593434
2022-01-25 09:45:00,2257335.5
2022-01-25 10:15:00,3594889
2022-01-25 10:45:00,2992023
2022-01-25 11:15:00,4306764.5
2022-01-25 11:45:00,4253652
2022-01-25 12:15:00,4013254.5
2022-01-25 12:45:00,4343271
2022-01-25 13:15:00,5668150
2022-01-25 13:45:00,5331055.5
2022-01-25 14:15:00,4857932
2022-01-25 14:45:00,5763531
2022-01-25 15:15:00,5208651.5
2022-01-25 15:45:00,5040819
2022-01-25 16:15:00,5285627
2022-01-25 16:45:00,5996068.5
2022-01-25 17:15:00,3690693.5
2022-01-25 17:45:00,2684587
2022-01-25 18:15:00,2712885
2022-01-25 18:45:00,2239260.5
2022-01-25 19:15:00,2854046
2022-01-25 19:45:00,2373503.5
2022-01-25 20:15:00,255051
2022-01-25 20:45:00,294893
2022-01-25 21:15:00,270657.5
2022-01-25 21:45:00,1683223
2022-01-25 22:15:00,410196
2022-01-25 22:45:00,565590
2022-01-25 23:15:00,428205.5
2022-01-25 23:45:00,784871.5
2022-01-26 00:15:00,2486790
2022-01-26 00:45:00,2521118
2022-01-26 01:15:00,858734
2022-01-26 01:45:00,656657.5
2022-01-26 02:15:00,165470
2022-01-26 02:45:00,503760
2022-01-26 03:15:00,161860
2022-01-26 03:45:00,289457
2022-01-26 04:15:00,370164.5
2022-01-26 04:45:00,232056
2022-01-26 05:15:00,369327.5
2022-01-26 05:45:00,298245.5
2022-01-26 06:15:00,1716740
2022-01-26 06:45:00,1367556.5
2022-01-26 07:15:00,1538674.5
2022-01-26 07:45:00,895325
2022-01-26 08:15:00,2148826.5
2022-01-26 08:45:00,863984.5
2022-01-26 09:15:00,272552.5
2022-01-26 09:45:00,1831853.5
2022-01-26 10:15:00,877533.5
2022-01-26 10:45:00,499707.5
2022-01-26 11:15:00,699211
2022-01-26 11:45:00,169589
2022-01-26 12:15:00,2255045.5
2022-01-26 12:45:00,3184858